first_name,last_name,email
routh,kiran,routhkiran456@gmail.com
jony,blage,johnyblaze123@gmail.com
henry,go,henrypearson234@gmail.com
harry,potter,harryp345@gmail.com
gomango,sundar,sundargomango176@gmail.com
jack,john,johnjac432@gmail.com
hellen,garsinoma,hellen567@gmail.com
kakashi,ninja,ninjakaka3232@gmail.com
jane,rose,janesor345@gmail.com
manga,series,seriesmanga7969@gmail.com
toe,tiktoe,ticktock86@gmail.com
gim,vegas,ginvega@gmail.com
